idx,latitude,longitude,label,l1,l2,l3,l4,code1,class,cropland,orchard,soilcover,tree,grass,shrub,other,photo,photo1,photo2,use,desc
1,36.68998198,10.22700276,Irrigated-SC-barley-LS,cropland,irrigated,Barley/Wheat,Barley,1,1,80,9,5,1.5,1,1,2.5,1)Irrigated-SC-barley-LS,,,0,2016 Tunisia Ground Data
2,36.92168439,10.10365347,Rainfed-SC-wheat-MS,cropland,Rainfed,Barley/Wheat,Wheat,1,1,75,7,6,3,2,2,5,2)Rainfed-SC-wheat-MS,2)Rainfed-SC-wheat-MS_1,2)Rainfed-SC-wheat-MS_2,0,
3,36.94450166,10.08736787,Rainfed-SC-wheat/forage-VLS,cropland,Rainfed,Barley/Wheat,Wheat,1,1,85,,,2.5,1.5,2,9,3)Rainfed-SC-wheat/forage-VLS,3)Rainfed-SC-wheat/forage-VLS_1,3)Rainfed-SC-wheat/forage-VLS_2,0,
7,37.18645384,9.957090412,Rainfed-SC-wheat-VLS,cropland,Rainfed,Barley/Wheat,Wheat,1,1,88,3,2.5,1,0,1.5,4,7)Rainfed-SC-wheat-VLS,7)Rainfed-SC-wheat-VLS_1,,0,
8,37.13111111,9.816388889,Rainfed-SC-Wheat/grass-LS,cropland,Rainfed,Barley/Wheat,Wheat,1,1,96,,,1,0,0,3,8)Rainfed-SC-Wheat/grass-LS,,,0,
16,36.87186145,9.405163755,Rainfed-SC-wheat-LS,cropland,Rainfed,Barley/Wheat,Wheat,1,1,98,,,0,0.5,0,1.5,16)Rainfed-SC-wheat-LS,,,0,
17,36.81917943,9.363597998,Rainfed-SC-wheat-LS,cropland,Rainfed,Barley/Wheat,Wheat,1,1,98,,,0.5,0.5,0,1,17)Rainfed-SC-wheat-LS,17)Rainfed-SC-wheat-LS,,0,
18,36.82815346,9.313483154,Rainfed-SC-wheat-LS,cropland,Rainfed,Barley/Wheat,Wheat,1,1,92,,,0,2,5,1,18)Rainfed-SC-wheat-LS,18)Rainfed-SC-wheat-LS,,0,
20,36.84777778,9.250555556,Rainfed-SC-wheat-LS,cropland,Rainfed,Barley/Wheat,Wheat,1,1,98,,,0.5,0.5,0.5,0.5,20)Rainfed-SC-wheat-LS,20)Rainfed-SC-wheat-LS,,0,
22,36.71192407,9.176459746,Rainfed-SC-wheat-LS,cropland,Rainfed,Barley/Wheat,Wheat,1,1,91,3,1.5,0.5,0.5,1,2.5,22)Rainfed-SC-wheat-LS,22)Rainfed-SC-wheat-LS,,0,
23,36.63788128,9.124694194,Rainfed-SC-wheat/barley/fodder-LS,cropland,Rainfed,Barley/Wheat,Wheat,1,1,90,,,0.5,0.5,7,2,23)Rainfed-SC-wheat/barley/fodder-LS,23)Rainfed-SC-wheat/barley/fodder-LS,,0,
25,36.63194444,8.916666667,Rainfed-SC-wheat-VLS,cropland,Rainfed,Barley/Wheat,Wheat,1,1,83,9,4.5,1.5,0,0.5,1.5,25)Rainfed-SC-wheat-VLS,,,0,
28,36.67916198,8.706139491,Rainfed-SC-wheat-LS,cropland,Rainfed,Barley/Wheat,Wheat,1,1,91,2,1.5,1,0.5,1,1,28)Rainfed-SC-wheat-LS,,,0,
29,36.59833333,8.6875,Rainfed-SC-wheat/fababean-LS,cropland,Rainfed,Barley/Wheat,Wheat,1,1,99,,,0,0,0,1,29)Rainfed-SC-wheat/fababean-LS,29)Rainfed-SC-wheatfababean-LS_1,29)Rainfed-SC-wheatfababean-LS_2,0,
31,36.54583333,8.661111111,Rainfed-SC-wheat-VLS,cropland,Rainfed,Barley/Wheat,Wheat,1,1,99,,,0.5,0,0,0.5,31)Rainfed-SC-wheat-VLS,,,0,
33,36.5062726,8.580003084,Rainfed-SC-wheat/oats-VLS,cropland,Rainfed,Barley/Wheat,Wheat,1,1,90,3,2.5,0.5,0,0.5,3.5,33)Rainfed-SC-wheat/oats-VLS,,,0,
34,36.45562346,8.621343514,Rainfed-SC-wheat/fababean-LS,cropland,Rainfed,Barley/Wheat,Wheat,1,1,99,,,0.5,0,0,0.5,34)Rainfed-SC-wheat/fababean-LS,,,0,
35,36.45453334,8.680888797,Rainfed-SC-wheat/fababean-LS,cropland,Rainfed,Barley/Wheat,Wheat,1,1,95,,,0.5,0.5,3,0.5,35)Rainfed-SC-wheat/fababean-LS,35)Rainfed-SC-wheat/fababean-LS_1,,0,
36,36.51044777,8.808078163,Rainfed-SC-wheat-VLS,cropland,Rainfed,Barley/Wheat,Wheat,1,1,92,3,1.5,0.5,0,0.5,2.5,36)Rainfed-SC-wheat-VLS,,,0,
37,36.58087065,8.929778577,Irrigated-SC-wheat-VLS,cropland,irrigated,Barley/Wheat,Wheat,1,1,99,,,0.5,0,0,0.5,37)Irrigated-SC-wheat-VLS,,,0,
38,36.62497569,8.998080945,Irrigated-SC-wheat-VLS,cropland,irrigated,Barley/Wheat,Wheat,1,1,99,,,1,0,0,0,38)Irrigated-SC-wheat-VLS,,,0,
39,36.73527778,9.215,Rainfed-SC-wheat/fababean-LS,cropland,Rainfed,Barley/Wheat,Wheat,1,1,95,,,1,1,1,2,39)Rainfed-SC-wheat/fababean-LS,,,0,
40,36.70777778,9.295277778,Irrigated-SC-wheat-VLS,cropland,irrigated,Barley/Wheat,Wheat,1,1,97,,,0.5,0,0,2.5,40)Irrigated-SC-wheat-VLS,,,0,
43,36.62385013,9.657314878,Rainfed-SC-barley-LS,cropland,Rainfed,Barley/Wheat,Barley,1,1,99,,,0,0,0,1,43)Rainfed-SC-barley-LS,,,0,
45,36.71283929,9.978628728,Rainfed-SC-barley-LS,cropland,Rainfed,Barley/Wheat,Barley,1,1,97,,,0.5,0,0,2.5,45)Rainfed-SC-barley-LS,,,0,
46,36.76791578,10.02538416,Rainfed-SC-barley-VLS,cropland,Rainfed,Barley/Wheat,Barley,1,1,93,3,1,0.5,0,0.5,2,46)Rainfed-SC-barley-VLS,,,0,
49,36.6550392,9.77163645,Rainfed-SC-wheat-VLS,cropland,Rainfed,Barley/Wheat,Wheat,1,1,93,,,0,0,6,1,49)Rainfed-SC-wheat-VLS,,,0,
53,36.51972883,9.353589304,Rainfed-SC-wheat-VLS,cropland,Rainfed,Barley/Wheat,Wheat,1,1,92,4,2.5,0,0,0.5,1,53)Rainfed-SC-wheat-VLS,,,0,
55,36.46498691,9.277403504,Rainfed-SC-wheat-VLS,cropland,Rainfed,Barley/Wheat,Wheat,1,1,98,,,0,0,0,2,55)Rainfed-SC-wheat-VLS,,,0,
56,36.44217896,9.251039341,Rainfed-SC-wheat-VLS,cropland,Rainfed,Barley/Wheat,Wheat,1,1,70,15,10,0.5,0.5,,4,56)Rainfed-SC-wheat-VLS,,,0,
57,36.42416667,9.235555556,Rainfed-SC-barley-LS,cropland,Rainfed,Barley/Wheat,Barley,1,1,60,25,15,0,0,,0,57)Rainfed-SC-barley-LS,,,0,
60,36.27687892,8.96119722,Rainfed-SC-wheat/barley/fodder-LS,cropland,Rainfed,Barley/Wheat,Wheat,1,1,100,,,0,0,0,0,60)Rainfed-SC-wheat/barley/fodder-LS,,,0,
62,36.17769487,8.810354442,Rainfed-SC-wheat/oats-VLS,cropland,Rainfed,Barley/Wheat,Wheat,1,1,100,,,0,0,0,0,62)Rainfed-SC-wheat/oats-VLS,,,1,
63,36.12121913,8.664743576,Rainfed-SC-wheat-VLS,cropland,Rainfed,Barley/Wheat,Wheat,1,1,100,,,0,0,0,0,63)Rainfed-SC-wheat-VLS,,,0,
66,35.84513227,8.554146737,Rainfed-SC-barley-LS,cropland,Rainfed,Barley/Wheat,Barley,1,1,99,,,0,0,0,1,66)Rainfed-SC-barley-LS,,,0,
67,35.85218605,8.661117118,Rainfed-SC-wheat-VLS,cropland,Rainfed,Barley/Wheat,Wheat,1,1,98,,,0,0,0,2,67)Rainfed-SC-wheat-VLS,,,0,
68,35.91506115,8.792860352,Rainfed-SC-barley-LS,cropland,Rainfed,Barley/Wheat,Barley,1,1,83,3,2.5,0,1,8.5,2,68)Rainfed-SC-barley-LS,,,0,
69,35.95663567,8.876084742,Rainfed-SC-barley-LS,cropland,Rainfed,Barley/Wheat,Barley,1,1,99,,,0,0,0,1,69)Rainfed-SC-barley-LS,,,0,
70,36.02904015,8.913881387,Rainfed-SC-barley-LS,cropland,Rainfed,Barley/Wheat,Barley,1,1,70,,,0,0,28,2,70)Rainfed-SC-barley-LS,,,0,
71,36.067592,8.943939095,Rainfed-SC-wheat-VLS,cropland,Rainfed,Barley/Wheat,Wheat,1,1,96,,,2,0.5,0.5,1,71)Rainfed-SC-wheat-VLS,,,0,
72,36.05489954,9.043092901,Rainfed-SC-barley-LS,cropland,Rainfed,Barley/Wheat,Barley,1,1,95,,,1,0.5,0.5,3,72)Rainfed-SC-barley-LS,,,0,
73,36.00595586,9.16013665,Rainfed-SC-barley-MS,cropland,Rainfed,Barley/Wheat,Barley,1,1,98,,,0,0,0,2,73)Rainfed-SC-barley-MS,,,0,
74,36.03773467,9.295468727,Rainfed-SC-wheat-MS,cropland,Rainfed,Barley/Wheat,Wheat,1,1,90,,,0,0,10,0,74)Rainfed-SC-wheat-MS,,,0,
75,36.08309067,9.380987449,Rainfed-SC-wheat-VLS,cropland,Rainfed,Barley/Wheat,Wheat,1,1,100,,,0,0,0,0,75)Rainfed-SC-wheat-VLS,,,0,
78,36.08509498,9.518071415,Rainfed-SC-wheat-VLS,cropland,Rainfed,Barley/Wheat,Wheat,1,1,96,,,0.5,0.5,1,2,78)Rainfed-SC-wheat-VLS,,,0,
81,36.20508333,9.575805556,Rainfed-SC-barley-LS,cropland,Rainfed,Barley/Wheat,Barley,1,1,85,4,3.5,2.5,1,3.5,0.5,81)Rainfed-SC-barley-LS,,,0,
82,36.22471053,9.603564028,Rainfed-SC-wheat-VLS,cropland,Rainfed,Barley/Wheat,Wheat,1,1,95,2,1,0.5,0.5,,1,82)Rainfed-SC-wheat-VLS,,,0,
84,36.32688706,9.617419297,Rainfed-SC-wheat-VLS,cropland,Rainfed,Barley/Wheat,Wheat,1,1,85,3,2.5,1,0.5,7.5,0.5,84)Rainfed-SC-wheat-VLS,,,0,
85,36.35925979,9.642127564,Rainfed-SC-wheat-VLS,cropland,Rainfed,Barley/Wheat,Wheat,1,1,100,,,0,0,0,0,85)Rainfed-SC-wheat-VLS,,,0,
86,36.4395188,9.660269482,Rainfed-SC-wheat-VLS,cropland,Rainfed,Barley/Wheat,Wheat,1,1,98,,,0.5,0,0,1.5,86)Rainfed-SC-wheat-VLS,,,0,
87,36.50412143,9.662220746,Rainfed-SC-wheat-VLS,cropland,Rainfed,Barley/Wheat,Wheat,1,1,100,,,0,0,0,0,87)Rainfed-SC-wheat-VLS,,,0,
88,36.56970474,9.662919118,Rainfed-SC-wheat-VLS,cropland,Rainfed,Barley/Wheat,Wheat,1,1,84,10,5,0,0,0,1,88)Rainfed-SC-wheat-VLS,,,0,
92,36.6157036,10.41175287,Rainfed-SC-wheat-MS,cropland,Rainfed,Barley/Wheat,Wheat,1,1,90,,,2,0.5,4,3.5,92)Rainfed-SC-wheat-MS,,,0,
94,36.58250743,10.51270994,Rainfed-SC-wheat-MS,cropland,Rainfed,Barley/Wheat,Wheat,1,1,83,10,5,1,0,0,1,94)Rainfed-SC-wheat-MS,,,0,
101,36.09284117,10.35855495,Rainfed-SC-wheat-MS,cropland,Rainfed,Barley/Wheat,Wheat,1,1,98,,,0.5,0,0,1.5,101)Rainfed-SC-wheat-MS,101)Rainfed-SC-wheat-MS,101)Rainfed-SC-wheat-MS,0,
104,35.92753425,10.28807057,Irrigated-SC-wheat-LS,cropland,irrigated,Barley/Wheat,Wheat,1,1,100,,,0,0,0,0,104)Irrigated-SC-wheat-LS,,,0,
109,35.68620748,10.05916673,Irrigated-SW-wheat-LS,cropland,irrigated,Barley/Wheat,Wheat,1,1,99,,,0,0,0,1,109)Irrigated-SW-wheat-LS,,,0,
110,35.70205201,10.03016421,Irrigated-SW-barley/wheat-LS,cropland,irrigated,Barley/Wheat,Barley,1,1,40,30,25,0,0,,5,110)Irrigated-SW-barley/wheat-LS,,,0,
111,35.75311871,9.989691893,Irrigated-SW-barley/wheat-LS,cropland,irrigated,Barley/Wheat,Barley,1,1,78,10,8,0.5,0.5,,3,111)Irrigated-SW-barley/wheat-LS,,,0,
115,36.03611111,10.06861111,Irrigated-SW-wheat-LS,cropland,irrigated,Barley/Wheat,Wheat,1,1,100,,,0,0,0,0,115)Irrigated-SW-wheat-LS,,,0,
119,36.21705447,10.02180472,Rainfed-SC-wheat-MS,cropland,Rainfed,Barley/Wheat,Wheat,1,1,94,1,0.5,0,0,2.5,1.5,119)Rainfed-SC-wheat-MS,,,0,
120,36.2653831,10.03966606,Rainfed-SC-wheat-VLS,cropland,Rainfed,Barley/Wheat,Wheat,1,1,99,,,0,0,0,1,120)Rainfed-SC-wheat-VLS,,,0,
121,36.25815733,10.06801152,Rainfed-SC-wheat-VLS,cropland,Rainfed,Barley/Wheat,Wheat,1,1,100,,,0,0,0,0,121)Rainfed-SC-wheat-VLS,,,0,
128,36.69284517,10.43744892,Rainfed-SC-wheat-VLS,cropland,Rainfed,Barley/Wheat,Wheat,1,1,96,,,0,0,2,2,128)Rainfed-SC-wheat-VLS,,,0,
130,36.68906841,10.49562284,Rainfed-SC-wheat/oats-LS,cropland,Rainfed,Barley/Wheat,Wheat,1,1,95,,,0.5,0.5,1,3,130)Rainfed-SC-wheat/oats-LS,130)Rainfed-SC-wheat/oats-LS,,0,
132,36.74333333,10.54611111,Rainfed-SC-wheat-LS,cropland,Rainfed,Barley/Wheat,Wheat,1,1,90,5,3,0,0,,2,132)Rainfed-SC-wheat-LS,,,0,
134,36.76477469,10.60376118,Rainfed-SC-wheat/barley-LS,cropland,Rainfed,Barley/Wheat,Wheat,1,1,94,3,2,0,0,,1,134)Rainfed-SC-wheat/barley-LS,134)Rainfed-SC-wheat/barley-LS_1,,0,
141,36.89673606,10.84380656,Rainfed-SC-wheat/fodder-LS,cropland,Rainfed,Barley/Wheat,Wheat,1,1,95,2,1,0,0,0,2,141)Rainfed-SC-wheat/fodder-LS_1,141)Rainfed-SC-wheat/fodder-LS_2,,0,
143,36.94270065,10.8989394,Rainfed-SC-wheat/fodder-MS,cropland,Rainfed,Barley/Wheat,Wheat,1,1,50,,,0,0,50,0,143)Rainfed-SC-wheat/fodder-MS,,,0,
145,37.02567954,10.96546788,Rainfed-SC-barley-LS,cropland,Rainfed,Barley/Wheat,Barley,1,1,96,2,1,0.5,0,0,0.5,145)Rainfed-SC-barley-LS,,,0,
146,37.019298,11.00206916,Irrigated-GW-DC-barley-vegetables-LS,cropland,irrigated,Barley/Wheat,Barley,1,1,98,,,1,0,0,1,146)Irrigated-GW-DC-barley-vegetables-LS,146)Irrigated-GW-DC-barley-vegetables-LS_1,,0,
150,36.7888223,11.00735642,Rainfed-SC-wheat-LS,cropland,Rainfed,Barley/Wheat,Wheat,1,1,98,,,0.5,0,0.5,1,150)Rainfed-SC-wheat-LS,150)Rainfed-SC-wheat-LS_1,,0,
151,36.6468146,10.12948567,Rainfed-barley-SC-LS,cropland,Rainfed,Barley/Wheat,Barley,1,1,93,,,0.5,0.5,5,1,151)Rainfed-barley-SC-LS,,,0,
153,36.6107729,10.12475035,Rainfed-wheat-SC-LS,cropland,Rainfed,Barley/Wheat,Wheat,1,1,98,,,0,0,0,2,153)Rainfed-wheat-SC-LS,,,0,
156,36.51499149,9.967595638,Irrigated-wheat (tendre)-SC-LS,cropland,irrigated,Barley/Wheat,Wheat,1,1,100,,,0,0,0,0,156)Irrigated-wheat (bl? tendre)-SC-LS,,,0,
158,36.41498248,9.923051501,Rainfed-wheat-SC-LS,cropland,Rainfed,Barley/Wheat,Wheat,1,1,98,,,0,0,1.5,0,158)Rainfed-wheat-SC-LS,,,0,
163,36.2051262,9.728279503,Rainfed-wheat-SC-LS,cropland,Rainfed,Barley/Wheat,Wheat,1,1,98,,,0,0,0,2,163)Rainfed-wheat-SC-LS,,,0,
164,36.18188762,9.663514577,Rainfed-wheat (tendre)-SC-MS,cropland,Rainfed,Barley/Wheat,Wheat,1,1,94,,,0.5,0.5,4.5,0.5,164)Rainfed-wheat (bl? tendre)-SC-MS,,,0,
165,36.14547715,9.628045294,Rainfed-barley-SC-LS,cropland,Rainfed,Barley/Wheat,Barley,1,1,100,,,0,0,0,0,165)Rainfed-barley-SC-LS,,,0,
166,36.08944303,9.544381705,Rainfed-barley-SC-LS,cropland,Rainfed,Barley/Wheat,Barley,1,1,100,,,0,0,0,0,166)Rainfed-barley-SC-LS,,,0,
167,36.08169247,9.381955101,Rainfed-wheat-SC-LS,cropland,Rainfed,Barley/Wheat,Wheat,1,1,100,,,0,0,0,0,167)Rainfed-wheat-SC-LS,,,0,
169,36.004015,9.276187033,Rainfed-wheat-SC-LS,cropland,Rainfed,Barley/Wheat,Wheat,1,1,48,28,20,0.5,0.5,2,1,169)Rainfed-wheat-SC-LS,,,0,
172,35.85608244,9.14994386,Rainfed-wheat-SC-MS,cropland,Rainfed,Barley/Wheat,Wheat,1,1,92,,,0,0,7,1,172)Rainfed-wheat-SC-MS,,,0,
173,35.78806913,9.039664105,Rainfed-wheat-SC-MS,cropland,Rainfed,Barley/Wheat,Wheat,1,1,90,5,3,0,0,0,2,173)Rainfed-wheat-SC-MS,,,0,
223,35.69037054,10.35796435,Rainfed-Wheat-SC-MS,cropland,Rainfed,Barley/Wheat,Wheat,1,1,100,,,0,0,0,0,223)Rainfed-Wheat-SC-MS,,,0,
224,35.68241455,10.29656461,Rainfed-Wheat-SC-SS,cropland,Rainfed,Barley/Wheat,Wheat,1,1,99,,,0.5,0,0,0.5,224)Rainfed-Wheat-SC-SS,,,0,
226,35.63798303,10.07578293,Irrigated-Wheat-SC-LS,cropland,irrigated,Barley/Wheat,Wheat,1,1,100,,,0,0,0,0,226)Irrigated-Wheat-SC-LS,,,0,
227,35.57594435,10.04217324,Irrigated-Wheat-SC-LS,cropland,irrigated,Barley/Wheat,Wheat,1,1,97,,,0.5,0.5,1,1,227)Irrigated-Wheat-SC-LS,,,0,
228,35.57106287,10.03747906,Irrigated-Wheat/orchards (Olive)-DC-MS,cropland,irrigated,Barley/Wheat,Wheat,1,1,90,4,2,1,0.5,0,2.5,228)Irrigated-orchards (Olive)/Wheat-DC-MS,,,0,
229,35.5605039,10.03890771,Irrigated-Barley/orchards (Olive)-DC-SS,cropland,irrigated,Barley/Wheat,Barley,1,1,80,15,5,0,0,0,0,229)Irrigated-orchards (Olive)/Barely-DC-SS,,,0,
240,35.06479284,9.447803728,Irrigated-Wheat-SC-SS,cropland,irrigated,Barley/Wheat,Wheat,1,1,76,15,5,0,0,0,4,240)Irrigated-Wheat-SC-SS,,,0,
256,35.7020906,9.257675389,Rainfed -Wheat -SC-SS,cropland,Rainfed,Barley/Wheat,Wheat,1,1,90,,,0,0,10,0,256)Rainfed -Wheat -SC-SS,,,0,
257,35.76339346,9.240837357,Rainfed Wheat- LS,cropland,Rainfed,Barley/Wheat,Wheat,1,1,0,,,0,0,100,0,257)Rainfed Wheat - LS,,,0,
258,35.79691864,9.212302977,Rainfed - Barley -SC-SS,cropland,Rainfed,Barley/Wheat,Barley,1,1,100,,,0,0,0,0,258)Rainfed - Barley -SC-SS,,,0,
260,35.78617229,9.496592661,Rainfed - Barley -SC-SS,cropland,Rainfed,Barley/Wheat,Barley,1,1,80,10,8,0,0,0,2,260)Rainfed - Barley -SC-SS,,,0,
261,35.78392326,9.522801623,Rainfed - Barley -SC-LS,cropland,Rainfed,Barley/Wheat,Barley,1,1,100,,,0,0,0,0,261)Rainfed - Barley -SC-LS,,,0,
262,35.71770079,9.631145282,Rainfed - Barley - SC-MS,cropland,Rainfed,Barley/Wheat,Barley,1,1,10,40,35,0,0,13,2,262)Rainfed - Barley -SC-LS,,,0,
263,35.70120612,9.639029774,Rainfed - Barley -SC-LS,cropland,Rainfed,Barley/Wheat,Barley,1,1,5,45,35,0,0,10,5,263)Rainfed - Barley -SC-LS,,,0,
270,35.65940765,10.05582155,Irrigated-Barley-SC-MS,cropland,irrigated,Barley/Wheat,Barley,1,1,95,,,0,0,0,5,270)Irrigated-Barley-SC-MS,,,0,
272,35.74369915,9.938803148,Irrigated wheat -LS,cropland,irrigated,Barley/Wheat,Wheat,1,1,0,,,0,100,0,0,272)Irrigated Wheat-LS,,,0,
273,35.80238257,9.863619036,Irrigated-Wheat/Barley-SC-SS,cropland,irrigated,Barley/Wheat,Wheat,1,1,50,30,20,0,0,0,0,273)Irrigated-Wheat/Barley-SC-SS,,,0,
278,35.83844618,9.619505724,Rainfed-Barley-SC-LS,cropland,Rainfed,Barley/Wheat,Barley,1,1,80,10,8,0,0,0,2,278)Rainfed-Barley-SC-LS,,,0,
279,35.85080209,9.567784705,Rainfed-Barley-SC-SS,cropland,Rainfed,Barley/Wheat,Barley,1,1,90,5,5,0,0,0,0,279)Rainfed-Barley-SC-SS,,,0,
281,35.95061026,9.482342101,Irrigated-Barley - DC-MS,cropland,irrigated,Barley/Wheat,Barley,1,1,57,30,7,5.5,0,0,0.5,281)Irrigated-Barley - DC-MS,,,0,
282,36.00771766,9.445952394,Rainfed - Wheat/Barley -SC-LS,cropland,Rainfed,Barley/Wheat,Wheat,1,1,,50,50,0,0,0,0,282)Rainfed - Wheat/Barley -SC-LS,,,0,
283,36.01082539,9.431767728,Irrigated-Wheat-SC-MS,cropland,irrigated,Barley/Wheat,Wheat,1,1,100,,,0,0,0,0,283)Irrigated-Wheat-SC-MS,,,0,
286,36.12610933,9.327759582,Rainfed-Wheat-SC-SS,cropland,Rainfed,Barley/Wheat,Wheat,1,1,100,,,0,0,0,0,286)Rainfed-Wheat-SC-SS,,,0,
288,36.21018382,9.289466838,Rainfed - Wheat/Barley-SC-LS,cropland,Rainfed,Barley/Wheat,Wheat,1,1,,50,45,2,0,5,0,288)Rainfed - Wheat/Barley -SC-LS,,,0,
292,36.34249826,9.337849515,Irrigated- Wheat/Barley - SC-LS,cropland,irrigated,Barley/Wheat,Wheat,1,1,25,40,30,0,0,4.5,0.5,292)Irrigated-Wheat/Barley - SC-LS,,,0,
295,36.37187939,9.656444581,Rainfed-Wheat-SC-LS,cropland,Rainfed,Barley/Wheat,Wheat,1,1,100,,,0,0,0,0,295)Rainfed-Orchards Pomogranet-SC-LS,,,0,
296,36.39909482,9.649261176,Rainfed - Wheat/Barley-SC-LS,cropland,Rainfed,Barley/Wheat,Wheat,1,1,10,45,40,0,0,5,0,296)Rainfed -Wheat/Barley -SC-LS,,,0,
301,36.57610019,10.83252806,Irrigated-GW-DC-Wheat-VLS,cropland,irrigated,Barley/Wheat,Wheat,1,1,98,,,0,0,0,2,301)Irrigated-GW-DC-Wheat-VLS,,,0,
305,36.52971682,9.768505098,Irrigated-Wheat-SC-SS,cropland,irrigated,Barley/Wheat,Wheat,1,1,100,,,0,0,0,0,305)Irrigated-Wheat-SC-SS,,,0,
307,36.51159827,9.845295583,Irrigated-Wheat/barley- SC-LS,cropland,irrigated,Barley/Wheat,Wheat,1,1,25,40,33,0,0,0,2,307)Irrigated-Wheat/barley - SC-LS,,,0,
308,36.52941135,9.847067373,Rainfed-Wheat-SC-LS,cropland,Rainfed,Barley/Wheat,Wheat,1,1,100,,,0,0,0,0,308)Rainfed-Wheat-SC-LS,,,0,
310,36.56804334,9.98651689,Rainfed-Barley-SC-LS,cropland,Rainfed,Barley/Wheat,Barley,1,1,100,,,0,0,0,0,310)Rainfed-Barley-SC-LS,,,0,
311,36.64447998,10.03661979,Rainfed-Barley-SC-LS,cropland,Rainfed,Barley/Wheat,Barley,1,1,100,,,0,0,0,0,311)Rainfed-Barley-SC-LS,,,0,
10,37.10696604,9.713313324,Rainfed-SC-fababean-LS,cropland,Rainfed,Fababean,Fababean,2,0,99,,,0.5,0,0,0.5,10)Rainfed-SC-fababean-LS,10)Rainfed-SC-fababean-LS_1,10)Rainfed-SC-fababean-LS_2,0,
11,37.05841343,9.684309171,Rainfed-SC-fababean/wheat-LS,cropland,Rainfed,Fababean,Fababean,2,0,90,,,1,1,3.5,1.5,11)Rainfed-SC-fababean/wheat-LS,,,0,
12,37.01202116,9.619566441,Rainfed-SC-fababean/wheat-LS,cropland,Rainfed,Fababean,Fababean,2,0,93,1,0.5,0.5,0.5,3.5,1,12)Rainfed-SC-fababean/wheat-LS,,,0,
14,36.92527485,9.473855612,Rainfed-SC-fababean/wheat-LS,cropland,Rainfed,Fababean,Fababean,2,0,97,,,0.5,0.5,1.5,0.5,14)Rainfed-SC-fababean/wheat-LS,14)Rainfed-SC-fababean/wheat-LS_1,14)Rainfed-SC-fababean/wheat-LS_2,0,
15,36.8886991,9.435487751,Rainfed-SC-fababean-LS,cropland,Rainfed,Fababean,Fababean,2,0,95,,,0.5,0.5,2,1,15)Rainfed-SC-fababean-LS,15)Rainfed-SC-fababean-LS,,0,
47,36.7468581,9.962522265,Rinfed-SC-fababean-VLS,cropland,Rainfed,Fababean,Fababean,2,0,97,,,0.5,0,1,1.5,47)Rinfed-SC-fababean-VLS,,,0,
59,36.37957545,9.227623038,Rainfed-SC-fababean-LS,cropland,Rainfed,Fababean,Fababean,2,0,100,,,0,0,0,0,59)Rainfed-SC-fababean-LS,,,0,
148,36.90844295,11.01804465,Irrigated-GW-DC-fababesn/barley-vegetables-VLS,cropland,irrigated,Fababean,Fababean,2,0,98,,,1,0,0,1,148)Irrigated-GW-DC-fababesn/barley-vegetables-VLS,,,0,
149,36.88933051,11.04017894,Rainfed-SC-fababean-LS,cropland,Rainfed,Fababean,Fababean,2,0,96,,,1,0,2,1,149)Rainfed-SC-fababean-LS,,,0,
168,36.07037564,9.332744383,Rainfed-Fava bean -SC-LS,cropland,Rainfed,Fababean,Fababean,2,0,96,,,1,0,2,1,168)Rainfed-Fava bean -SC-LS,,,0,
306,36.51890653,9.820648904,Rainfed Fodder (Faba bean) -SC-MS,cropland,Rainfed,Fababean,Fababean,2,0,100,,,0,0,0,0,306)Rainfed Fodder (Faba bean) -SC-MS,,,0,
50,36.651282,9.681405273,Rainfed-SC-fodder-VLS,cropland,Rainfed,Fodder,Fodder,3,0,98,,,0.5,0,0,1.5,50)Rainfed-SC-fodder-VLS,,,0,
113,35.91320011,10.04533389,Irrigated-fodder-MS,cropland,irrigated,Fodder,Fodder,3,0,95,,,1.5,0.5,2,1,113)Irrigated-fodder-MS,,,0,
142,36.92253769,10.85940888,Rainfed-SC-fodder-VLS,cropland,Rainfed,Fodder,Fodder,3,0,91,3,2,1,0,0,3,142)Rainfed-SC-fodder-VLS,,,0,
154,36.56732727,10.07944075,Rainfed-Fodder (Fenugreek) - SC-LS,cropland,Rainfed,Fodder,Fodder,3,0,100,,,0,0,0,0,154)Rainfed-Fodder (Fenugreek) - SC-LS,,,0,
157,36.47978545,9.932762362,Rainfed-Fodder (Oat)- SC-LS,cropland,Rainfed,Fodder,Fodder,3,0,100,,,0,0,0,0,157)Rainfed-Fodder (Oat)- SC-LS,,,0,
159,36.35644773,9.877469605,Irrigated- Fodder (Bersim)- SC- MS,cropland,irrigated,Fodder,Fodder,3,0,99,,,0.5,0,0,0.5,159)Irrigated- Fodder (Bersim)- SC- MS,,,0,
171,35.94040148,9.232409414,Rainfed -Fodder (Oat)-SC-MS,cropland,Rainfed,Fodder,Fodder,3,0,100,,,0,0,0,0,171)Rainfed -Fodder (Oat)-SC-MS,,,0,
182,35.25245544,9.006132437,Irrigared-Fodder (Oat)-SC-SS,cropland,irrigated,Fodder,Fodder,3,0,20,45,30,1.5,0,0,3.5,182)Irrigared-Fodder (Oat)-SC-SS,,,0,
285,36.05315726,9.409316793,Irrigated -fodder (Oat)-SC-MS,cropland,irrigated,Fodder,Fodder,3,0,100,,,0,0,0,0,285)Irrigated -fodder (Oat)-SC-MS,,,0,
297,36.46559263,9.665539591,Rainfed Fodder (Fungrek) -SC-LS,cropland,Rainfed,Fodder,Fodder,3,0,97,,,0,0,0,3,297)Rainfed Fodder (Fungrek) -SC-LS,,,0,
5,37.06531541,10.01458711,Rainfed-SC-oats-VVLS,cropland,Rainfed,Oats,Oats,4,0,90,,,0.5,0.5,0,9,5)Rainfed-SC-oats-VVLS,,,0,
9,37.12457497,9.787591405,Rainfed-SC-oats-VVLS,cropland,Rainfed,Oats,Oats,4,0,100,,,0,0,0,0,9)Rainfed-SC-oats-VVLS,9)Rainfed-SC-oats-VVLS_1,,0,
65,36.05552858,8.6019564,Rainfed-SC-oats-VVLS,cropland,Rainfed,Oats,Oats,4,0,100,,,0,0,0,0,65)Rainfed-SC-oats-VVLS,,,0,
79,36.12134796,9.591232168,Rainfed-SC-oats/barley-LS,cropland,Rainfed,Oats,Oats,4,0,82,8,7,1,0,,2,79)Rainfed-SC-oats/barley-LS,,,0,
96,36.46902324,10.57087585,Rainfed-SC-oats-VLS,cropland,Rainfed,Oats,Oats,4,0,90,,,2,1,5,2,96)Rainfed-SC-oats-VLS,,,0,
122,36.30638409,9.972834102,Rainfed-SC-oats/barley-LS,cropland,Rainfed,Oats,Oats,4,0,83,8,,1,0,6,2,122)Rainfed-SC-oats/barley-LS,,,0,
123,36.35348027,9.920576556,Rainfed-SC-oats-MS,cropland,Rainfed,Oats,Oats,4,0,99,,,0,0,0,1,123)Rainfed-SC-oats-MS,,,0,
133,36.7647411,10.58659208,Rainfed-SC-oats-LS,cropland,Rainfed,Oats,Oats,4,0,60,23,15,0,0,0,2,133)Rainfed-SC-oats-LS,133)Rainfed-SC-oats-LS,,0,
302,36.59687388,10.78905403,Irrigated-Oats/Wheat-VLS,cropland,irrigated,Oats,Oats,4,0,10,35,30,2,0,0,23,302)Irrigated-Oats/wheat-VLS,,,0,
41,36.69638889,9.339444444,Rainfed-SC-olive/fababean-LS,cropland,Rainfed,Olive,Olive,4,0,10,50,33,5,0,2,0,41)Rainfed-SC-olive/fababean-LS,,,0,
24,36.62087847,9.001459919,Irrigated-orchards-grapes /Barren,cropland,irrigated,Orchard,Grapes Orchard,5,2,85,7,3.5,1.5,0.5,0.5,2,24)Irrigated-orchards-grapes,,,0,
30,36.55594347,8.705814774,Rainfed-olive orachards/Barren-MS,cropland,Rainfed,Orchard,Olive Orchard,5,2,20,50,25,0.5,0,2,2.5,30)Rainfed-olive orachards-MS,30)Rainfed-olive orachards-MS_1,,0,
32,36.51383598,8.605638619,Rainfed-olive orachards /Barren-MS,cropland,Rainfed,Orchard,Olive Orchard,5,2,25,30,38,4,0,2,1,32)Rainfed-olive orachards-MS,,,0,
42,36.59693246,9.529200167,Irrigated-grape orchards /Barren-VLS,cropland,irrigated,Orchard,Grapes Orchard,5,2,100,,,0,0,0,0,42)Irrigated-grape orchards-VLS,,,0,
44,36.65651233,9.842458684,Irrigated-almond/olive orchards / Barren-LS,cropland,irrigated,Orchard,Olive/Almond Orchard,5,2,0,60,37,0,0,3,0,44)Irrigated-almond/olive orchards-LS,,,0,
48,36.698912,9.807922,Irrigated-almond orchards /Barren-LS,cropland,irrigated,Orchard,Olive/Almond Orchard,5,2,0,50,50,0,0,0,0,48)Irrigated-almond orchards-LS,48)Irrigated-almond orchards-LS_1,48)Irrigated-almond orchards-LS_2,0,
51,36.60966608,9.525775728,Irrigated-grape orchards /Barren-VLS,cropland,irrigated,Orchard,Grapes Orchard,5,2,91,4,2.5,1.5,0,0.5,0.5,51)Irrigated-grape orchards-VLS,,,0,
52,36.53901434,9.401000797,Rainfed-olive orachards /Barren-VLS,cropland,Rainfed,Orchard,Olive Orchard,5,2,10,50,36,2,0,1,1,52)Rainfed-olive orachards-VLS,,,0,
58,36.41238328,9.240116297,Rainfed-olive orachards /Barren-VLS,cropland,Rainfed,Orchard,Olive Orchard,5,2,0,70,30,0,0,,0,58)Rainfed-olive orachards-VLS,,,0,
76,36.08333333,9.414722222,Rainfed-olive orachards /Barren-VLS,cropland,Rainfed,Orchard,Olive Orchard,5,2,15,52,29,2,0,1,0,76)Rainfed-olive orachards-VLS,,,0,
91,36.62871145,10.38726494,Irrigated-almond/olive orchards / Barren-LS,cropland,irrigated,Orchard,Olive/Almond Orchard,5,2,0,60,40,0,0,0,0,91)Irrigated-almond/olive orchards-LS,,,0,
93,36.58983558,10.48038919,Irrigated-almond/olive orchards /Barren-LS,cropland,irrigated,Orchard,Olive/Almond Orchard,5,2,10,60,28,1,0,0,1,93)Irrigated-almond/olive orchards-LS,,,0,
95,36.54649569,10.53898828,Irrigated-grape orchards / Barren-VLS,cropland,irrigated,Orchard,Grape Orchard,5,2,78,15,5,0.5,0.5,0,1,95)Irrigated-grape orchards-VLS,,,0,
98,36.32338887,10.49128002,Rainfed-olive orachards /Barren-VLS,cropland,Rainfed,Orchard,Olive Orchard,5,2,10,50,36,0,0,,4,98)Rainfed-olive orachards-VLS,,,0,
99,36.13741765,10.39153045,Rainfed-olive orachards / Barren-VLS,cropland,Rainfed,Orchard,Olive Orchard,5,2,,48,40,0,0,10,2,99)Rainfed-olive orachards-VLS,,,0,
102,36.0197177,10.32387483,Rainfed-olive orachards / Barren-VLS,cropland,Rainfed,Orchard,Olive Orchard,5,2,,50,48,0,0,,2,102)Rainfed-olive orachards-VLS,,,0,
103,36.00132213,10.31123943,Rainfed-olive orachards / Barren-VLS,cropland,Rainfed,Orchard,Olive Orchard,5,2,,55,45,0,0,,0,103)Rainfed-olive orachards-VLS,,,0,
106,35.8740325,10.22318197,Rainfed-olive orachards / Barren-VLS,cropland,Rainfed,Orchard,Olive Orchard,5,2,,55,44,0,0,,1,106)Rainfed-olive orachards-VLS,,,0,
112,35.81751385,9.993773023,Rainfed-olive orachards-VLS,cropland,Rainfed,Orchard,Olive Orchard,5,2,10,50,38,0,0,,2,112)Rainfed-olive orachards-VLS,,,0,
116,36.07777778,10.05472222,Irrigated-GW-olive plantations / Barren-VLS,cropland,irrigated,Orchard,Olive Orchard,5,2,,53,44,0,0,,3,116)Irrigated-GW-olive plantations-VLS,,,0,
117,36.13527778,10.06222222,Irrigated-GW-olive plantations / Barren - VLS,cropland,irrigated,Orchard,Olive Orchard,5,2,,50,45,0,0,,5,117)Irrigated-GW-olive plantations-VLS,,,0,
124,36.74087856,10.28834468,Rainfed-olive orachards / Barren-LS,cropland,Rainfed,Orchard,Olive Orchard,5,2,35,30,20,0,0,,15,124)Rainfed-olive orachards-LS,,,0,
127,36.69399601,10.42245846,Rainfed-olive orachards / Barren -LS,cropland,Rainfed,Orchard,Olive Orchard,5,2,25,50,20,0,0,0,5,127)Rainfed-olive orachards-LS,,,0,
131,36.72987292,10.5444706,Irrigated-GW-orange orchards / Barren-LS,cropland,irrigated,Orchard,Orange Orchard,5,2,,50,47,0,0,,3,131)Irrigated-GW-orange orchards-LS,,,0,
135,36.799759,10.63085563,Rainfed-olive orachards / Barren-LS,cropland,Rainfed,Orchard,Olive Orchard,5,2,10,53,35,0,0,,2,135)Rainfed-olive orachards-LS,,,0,
136,36.79648328,10.634238,Irrigated-GW-grape orachards / Barren-VLS,cropland,irrigated,Orchard,Grape Orchard,5,2,90,5,5,0,0,0,0,136)Irrigated-GW-grape orachards-VLS,136)Irrigated-GW-grape orachards-VLS_1,,0,
137,36.82038439,10.66647101,Rainfed-SC-olive orchards / Barren-LS,cropland,Rainfed,Orchard,Olive Orchard,5,2,45,30,20,0,0,0,5,137)Rainfed-SC-olive orchards-LS,137)Rainfed-SC-olive orchards-LS_1,,0,
139,36.88233867,10.75681487,Rainfed-olive orachards / Barren-LS,cropland,Rainfed,Orchard,Olive Orchard,5,2,53,20,10,0,1,10,6,139)Rainfed-olive orachards-LS,,,0,
140,36.88888889,10.83361111,Irrigated-GW-orange orchards / Barren-LS,cropland,irrigated,Orchard,Orange Orchard,5,2,,60,36,0,0,0,4,140)Irrigated-GW-orange orchards-LS,,,0,
152,36.64086651,10.12673695,Irrigated-orchards (pear) /  Barren-SC-MS,cropland,irrigated,Orchard,Pear Orchard,5,2,48,25,15,0,0,10,2,152)Irrigated-orchards (pear)-SC-MS,,,0,
155,36.55442331,10.02346732,Rainfed-orchards (olive)/Barren-SC-LS,cropland,Rainfed,Orchard,Olive Orchard,5,2,,55,43,0,0,0,2,155)Rainfed-orchards (olive)-SC-LS,,,0,
160,36.33402871,9.853473845,Irrigated-Orchards (olive) / Barren-SC-LS,cropland,irrigated,Orchard,Orange Orchard,5,2,,60,40,0,0,0,0,160)Irrigated-Orchards (olive) -SC-LS,,,0,
174,35.75476986,9.017646822,Irrigated-orchards (aple) / Barren-SC-MS,cropland,irrigated,Orchard,Apple orchard,5,2,29,40,30,0,0,0,1,174)Irrigated-orchards (aple)-SC-MS,,,0,
175,35.62649935,9.060646032,Rainfed- orchards (olive) /Barren -SC-MS,cropland,Rainfed,Orchard,Olive Orchard,5,2,40,39,20,0,0,0,1,175)Rainfed- orchards (olive) -SC-MS,,,0,
176,35.55650657,9.069394315,Irrigated- orchards (olive peach) /Barren-DC-MS,cropland,irrigated,Orchard,Olive Orchard,5,2,23,50,25,0,0,0,2,176)Irrigated- orchards (olive peach)-DC-MS,,,0,
177,35.53060206,9.07479168,Irrigated-orchards (aple)/Barren-SC-MS,cropland,irrigated,Orchard,Apple orchard,5,2,,54,35,0.5,0.5,0,10,177)Irrigated-orchards (aple)-SC-MS,,,0,
178,35.37449829,9.105735465,Irrgated-orchards (peach)/Barren-SC-LS,cropland,irrigated,Orchard,Peach Orchard,5,2,45,30,20,0,0,5,0,178)Irrgated-orchards (peach)-SC-LS,,,0,
179,35.30674003,9.084410981,Irrigated orchards (olive-aple)/Barren- DC-MS,cropland,irrigated,Orchard,Olive Orchard,5,2,40,45,12,0,0,0,3,179)Irrigated orchards (olive-aple)- DC-MS,,,0,
181,35.25753612,9.098194444,Rainfed-Orchards (olive)/Barren-SC-LS,cropland,Rainfed,Orchard,Olive Orchard,5,2,10,43,45,0,0,0,2,181)Rainfed-Orchards (olive)-SC-LS,,,0,
185,35.22861741,8.963189268,Rainfed-Orchards (Amendier)/Barren-SC-LS,cropland,Rainfed,Orchard,Amendier Orchard,5,2,,55,40,1,0,3,1,185)Rainfed-Orchards (Amendier)-SC-LS,,,0,
186,35.14163447,8.765401812,Irrigated-Orchards(Olive/Aple)/Barren-DC-SS,cropland,irrigated,Orchard,Olive Orchard,5,2,,55,40,0,0,0,5,186)Irrigated-Orchards(Olive/Aple)-DC-SS,,,0,
187,35.03886773,8.629591057,Irrigated-Orchards (Amendier)/Barren-SC-SS,cropland,irrigated,Orchard,Amendier Orchard,5,2,65,20,10,0,0,0,5,187)Irrigated-Orchards (Amendier)-SC-SS,,,0,
188,34.92399167,8.54705,Irrigated-Orchards (Olive/other tree)/Barren-DC-LS,cropland,irrigated,Orchard,Olive Orchard,5,2,10,49,35,1,0,0,5,188)Irrigated-Orchards (Olive/other tree)-DC-LS,,,0,
190,34.74535908,8.573270342,Irrigated-Orchards (olive)/Barren-SC-MS,cropland,irrigated,Orchard,Olive Orchard,5,2,10,50,35,0,0,0,5,190)Irrigated-Orchards (olive)-SC-MS,,,0,
191,34.72337793,8.789707617,Irrigated-Orchards (olive)/Barren-SC-LS,cropland,irrigated,Orchard,Olive Orchard,5,2,,60,40,0,0,0,0,191)Irrigated-Orchards (olive)-SC-LS,,,0,
192,34.71842389,8.792968978,Irrigated-Orchards (olive)/Fodder-DC-MS,cropland,irrigated,Orchard,Olive Orchard,5,2,,60,40,0,0,0,0,192)Irrigated-Orchards (olive)/Fodder-DC-MS,,,0,
193,34.68966559,8.812376724,Irrigated-Orchards (amendier)/Barren-SC-LS,cropland,irrigated,Orchard,Amendier Orchard,5,2,95,,,0,0,0,5,193)Irrigated-Orchards (amendier)-SC-LS,,,0,
194,34.63966748,8.840849929,Irrigated-Orchards (olive)/Barren-SC-LS,cropland,irrigated,Orchard,Olive Orchard,5,2,20,50,30,0,0,0,0,194)Irrigated-Orchards (olive)-SC-LS,,,0,
195,34.57261296,9.018402418,Irrigated-Orchards (olive/amendier)/Barren-DC-SS,cropland,irrigated,Orchard,Olive/Almond Orchard,5,2,21,45,30,1,0,0,3,195)Irrigated-Orchards (olive/amendier)-DC-SS,,,0,
196,34.47331455,9.044838545,Irrigated-Orchards (olive)/Barren-SC-MS,cropland,irrigated,Orchard,Olive Orchard,5,2,10,50,27,0,0,5,8,196)Irrigated-Orchards (olive)-SC-MS,,,0,
197,34.50765781,9.165434683,Rainfed-orchards (olive)/Barren-SC-LS,cropland,Rainfed,Orchard,Olive Orchard,5,2,,60,40,0,0,0,0,197)Rainfed-orchards (olive)-SC-LS,,,0,
198,34.56684885,9.369168909,Rainfed-orchards (olive)/Barren-SC-LS,cropland,Rainfed,Orchard,Olive Orchard,5,2,,50,45,0,0,3,2,198)Rainfed-orchards (olive)-SC-LS,,,0,
199,34.57596751,9.488002438,Rainfed-orchards (olive)/Barren-SC-LS,cropland,Rainfed,Orchard,Olive Orchard,5,2,,57,40,0.5,0,2,0.5,199)Rainfed-orchards (olive)-SC-LS,,,0,
200,34.58609735,9.538625707,Irrigated-orchards (Amendier)/Barren-SC-MS,cropland,irrigated,Orchard,Olive Orchard,5,2,,60,38,0,0,1,1,200)Irrigated-orchards (Amendier)-SC-MS,,,0,
201,34.61499662,9.6883244,Rainfed-orchards (olive)/Barren-SC-LS,cropland,Rainfed,Orchard,Olive Orchard,5,2,,50,40,0,0,8,2,201)Rainfed-orchards (olive)-SC-LS,,,0,
202,34.61377838,9.875867075,Rainfed-orchards (olive)/Barren-SC-LS,cropland,Rainfed,Orchard,Olive Orchard,5,2,,60,40,0,0,0,0,202)Rainfed-orchards (olive)-SC-LS,,,0,
203,34.67758202,9.964666454,Rainfed-orchards (olive)/Barren-SC-LS,cropland,Rainfed,Orchard,Olive Orchard,5,2,,60,40,0,0,0,0,203)Rainfed-orchards (olive)-SC-LS,,,0,
204,34.74561128,10.14026504,Rainfed-orchards (olive)/Barren-SC-LS,cropland,Rainfed,Orchard,Olive Orchard,5,2,,55,40,0,0,0,5,204)Rainfed-orchards (olive)-SC-LS,,,0,
205,34.75242737,10.21946134,Rainfed-orchards (olive)/Barren-SC-LS,cropland,Rainfed,Orchard,Olive Orchard,5,2,,57,40,0.5,0,2,0.5,205)Rainfed-orchards (olive)-SC-LS,,,0,
206,34.76091307,10.28516086,Rainfed-orchards (pistachier)/Barren-SC-LS,cropland,Rainfed,Orchard,Pistachier Orchard,5,2,,55,40,0,0,5,,206)Rainfed-orchards (pistachier)-SC-LS,,,0,
207,34.75100101,10.35092325,Irrigated-Orchards (olive)/Barren-SC-MS,cropland,irrigated,Orchard,Olive Orchard,5,2,25,42,32,0.5,0,0,0.5,207)Irrigated-Orchards (olive)-SC-MS,,,0,
208,34.73325,10.60116667,Irrigated-Orchards (olive)/Barren-SC-MS,cropland,irrigated,Orchard,Olive Orchard,5,2,15,35,28,1,1,5,15,208)Irrigated-Orchards (olive)-SC-MS,,,0,
209,34.75044469,10.65067283,Rainfed-orchards (Amendier)/Barren-SC-LS,cropland,Rainfed,Orchard,Amendier Orchard,5,2,,55,42,0,0,0,3,209)Rainfed-orchards (Amendier)-SC-LS,,,0,
210,34.83795294,10.73134389,Rainfed-orchards (Amendier)/Barren-SC-LS,cropland,Rainfed,Orchard,Amendier Orchard,5,2,,54,45,0,0,0,1,210)Rainfed-orchards (Amendier)-SC-LS,,,0,
211,34.85994623,10.80286742,Rainfed-orchards (olive)/Barren-SC-MS,cropland,Rainfed,Orchard,Olive Orchard,5,2,,50,45,0,0,0,5,211)Rainfed-orchards (olive)-SC-MS,,,0,
212,34.89703638,10.85227402,Rainfed-orchards (olive)/Barren-SC-LS,cropland,Rainfed,Orchard,Olive Orchard,5,2,,60,40,0,0,0,0,212)Rainfed-orchards (olive)-SC-LS,,,0,
213,35.05023483,10.90996091,Rainfed-orchards (olive)/Barren-SC-LS,cropland,Rainfed,Orchard,Olive Orchard,5,2,,55,45,0,0,0,0,213)Rainfed-orchards (olive)-SC-LS,,,0,
214,35.09264,10.90264647,Rainfed-orchards (olive)/Barren-SC-LS,cropland,Rainfed,Orchard,Olive Orchard,5,2,,60,40,0,0,0,0,214)Rainfed-orchards (olive)-SC-LS,,,0,
215,35.17184404,10.89993248,Rainfed-orchards (olive)/Barren-SC-LS,cropland,Rainfed,Orchard,Olive Orchard,5,2,,60,40,0,0,0,0,215)Rainfed-orchards (olive)-SC-LS,,,0,
216,35.28260138,10.97443191,Rainfed-orchards (olive)/Barren-SC-LS,cropland,Rainfed,Orchard,Olive Orchard,5,2,,58,40,0,0,0,2,216)Rainfed-orchards (olive)-SC-LS,,,0,
217,35.39151791,10.99675635,Rainfed-orchards (olive)/Barren-SC-LS,cropland,Rainfed,Orchard,Olive Orchard,5,2,,60,38,0,0,0,2,217)Rainfed-orchards (olive)-SC-LS,,,0,
218,35.48754502,10.97849528,Rainfed-orchards (olive)/Barren-SC-LS,cropland,Rainfed,Orchard,Olive Orchard,5,2,,60,40,0,0,0,0,218)Rainfed-orchards (olive)-SC-LS,,,0,
219,35.43700441,10.83149286,Rainfed-orchards (olive)/Barren-SC-LS,cropland,Rainfed,Orchard,Olive Orchard,5,2,,60,40,0,0,0,0,219)Rainfed-orchards (olive)-SC-LS,,,0,
220,35.49661178,10.63331095,Rainfed-orchards (olive)/Barren-SC-LS,cropland,Rainfed,Orchard,Olive Orchard,5,2,,55,40,0.5,0.5,0,4,220)Rainfed-orchards (olive)-SC-LS,,,0,
221,35.58850783,10.6142022,Rainfed-orchards (olive)/Barren-SC-LS,cropland,Rainfed,Orchard,Olive Orchard,5,2,,60,40,0,0,0,0,221)Rainfed-orchards (olive)-SC-LS,,,0,
222,35.71374761,10.53249876,Rainfed-orchards (olive)/Barren-SC-LS,cropland,Rainfed,Orchard,Olive Orchard,5,2,,50,40,0,0,9,1,222)Rainfed-orchards (olive)-SC-LS,,,0,
230,35.52537125,10.06040441,Irrigated-orchards (Olive)/Wheat-DC-SS,cropland,irrigated,Orchard,Olive Orchard,5,2,58,30,10,0.5,0.5,0,1,230)Irrigated-orchards (Olive)/Wheat-DC-SS,,,0,
231,35.36406531,10.04761691,Irrigated-orchards (Olive)-SC-LS,cropland,irrigated,Orchard,Olive Orchard,5,2,,60,40,0,0,0,0,231)Irrigated-orchards (Olive)-SC-LS,,,0,
232,35.30845407,10.02825846,Irrigated-orchards (Olive/Amendier)/Barren-DC-SS,cropland,irrigated,Orchard,Olive Orchard,5,2,,55,40,0,0,0,5,232)Irrigated-orchards (Olive/Amendier)-DC-SS,,,0,
233,35.23468748,10.04050044,Rainfed-orchards (Olive)-SC-LS,cropland,Rainfed,Orchard,Amendier Orchard,5,2,,55,40,0,0,0,5,233)Rainfed-orchards (Olive)-SC-LS,,,0,
234,35.10726538,10.03601402,Irrigated-orchards (Olive)/Barren/potatos-DC-SS,cropland,irrigated,Orchard,Olive Orchard,5,2,,50,40,0,0,0,10,234)Irrigated-orchards (Olive)/pototes-DC-SS,,,0,
235,35.05006676,10.0323279,Rainfed-orchards (Amendier)/Barren-SC-LS,cropland,Rainfed,Orchard,Amendier Orchard,5,2,,50,45,0,0,0,5,235)Rainfed-orchards (Amendier)-SC-LS,,,0,
236,35.0608139,9.991622319,Rainfed-orchards (olive)/Barren-SC-LS,cropland,Rainfed,Orchard,Olive Orchard,5,2,,55,45,0,0,0,0,236)Rainfed-orchards (olive)-SC-LS,,,0,
237,35.07561809,9.83369844,Irrigated-orchards (Olive)/Barren-SC-LS,cropland,irrigated,Orchard,Olive Orchard,5,2,,50,45,0,0,0,5,237)Irrigated-orchards (Olive)-SC-LS,,,0,
238,35.06825806,9.735436915,Rainfed-orchards (olive)/Barren-SC-LS,cropland,Rainfed,Orchard,Olive Orchard,5,2,,55,45,0,0,0,,238)Rainfed-orchards (olive)-SC-LS,,,0,
242,35.09801086,9.412590854,Irrigated-orchards (Olive)/Barren-SC-LS,cropland,irrigated,Orchard,Olive Orchard,5,2,15,45,35,0,0,0,5,242)Irrigated-orchards (Olive)-SC-LS,,,0,
243,35.12873816,9.372401321,Irrigated-orchards (Olive)/vegtebales-DC-SS,cropland,irrigated,Orchard,Olive Orchard,5,2,70,20,10,0,0,0,0,243)Irrigated-orchards (Olive)/vegtebales-DC-SS,,,0,
244,35.14309671,9.365157037,Irrigated-orchards (Olive)/Barren-SC-MS,cropland,irrigated,Orchard,Olive Orchard,5,2,,50,44,0,0,4,2,244)Irrigated-orchards (Olive)-SC-MS,,,0,
245,35.15248621,9.36682127,Irrigated-orchards (Olive)/vegtebales (Garlic)-DC-SS,cropland,irrigated,Orchard,Olive Orchard,5,2,,55,40,0,0,0,5,245)Irrigated-orchards (Olive)/vegtebales (Garlic)-DC-SS,,,0,
248,35.37412043,9.475659804,Irrigated-orchards (Olive)/Barren-SC-LS,cropland,irrigated,Orchard,Olive Orchard,5,2,15,45,40,0,0,0,0,248)Irrigated-orchards (Olive)-SC-LS,,,0,
249,35.38244027,9.506720185,Irrigated-orchards (Olive)/vegtebales (pototes)-DC-SS,cropland,irrigated,Orchard,Olive Orchard,5,2,10,50,38,0,0,0,2,249)Irrigated-orchards (Olive)/vegtebales (pototes)-DC-SS,,,0,
250,35.41232014,9.488723588,Irrigated-orchards (Olive)/Vetebles(Potato)-SC-LS,cropland,irrigated,Orchard,Olive Orchard,5,2,,55,40,5,0,0,0,250)Irrigated-orchards (Olive)/Vegetables(Potato)-SC-LS,,,0,
251,35.41973773,9.480367528,Irrigated-orchards (Olive)/Barley - DC-SS,cropland,irrigated,Orchard,Olive Orchard,5,2,,55,40,5,0,0,0,251)Irrigated-orchards (Olive)/Barley - DC-SS,,,0,
255,35.66243969,9.260114212,Rainfed - Oilve Orchards/fodder (Oat)-SC-SS,cropland,Rainfed,Orchard,Olive Orchard,5,2,90,,,0,0,10,0,255)Rainfed -Oilve Orchards/fodder (Oat)-SC-SS,,,0,
264,35.63883391,9.696305438,Irrigated orchards (peach) /Barren-SC-SS,cropland,Rainfed,Orchard,Peach Orchard,5,2,10,46,35,1,0,5,3,264)Irrigated orchards (peach) -SC-SS,,,0,
265,35.65154026,9.744070761,Rainfed - orchards (olive)/Barren -SC-LS,cropland,Rainfed,Orchard,Olive Orchard,5,2,,55,40,0,0,0,5,265)Rainfed - orchards (olive) -SC-LS,,,0,
266,35.60426692,9.842767592,Rainfed - orchards (Almond)/Barren -SC-LS,cropland,Rainfed,Orchard,Almond Orchard,5,2,,50,50,0,0,0,0,266)Rainfed - orchards (Almond) -SC-LS,,,0,
267,35.60093687,9.890474965,Irrigated-orchards (Olive)/Wheat - DC-SS,cropland,irrigated,Orchard,Olive Orchard,5,2,,60,40,0,0,0,0,267)Irrigated-orchards (Olive)/Wheat - DC-SS,,,0,
268,35.63976591,9.983399136,Irrigated- Olive Orchards/Wheat- SC-MS,cropland,irrigated,Orchard,Olive Orchard,5,2,81,10,8,0.5,0,0,0.5,268)Irrigated- Olive Orchards/Wheat- SC-MS,,,0,
269,35.64275284,9.989020946,Irrigated-Olive Orchards/Wheat-SC-SS,cropland,irrigated,Orchard,Olive Orchard,5,2,90,,,1,0,0,9,269)Irrigated-Olive Orchards/Wheat-SC-SS,,,0,
276,35.86150668,9.699753098,Rainfed - Olive Orchards/Barley- SC-MS,cropland,Rainfed,Orchard,Olive Orchard,5,2,99,,,1,0,0,0,276)Rainfed - Olive Orchards/Barley- SC-MS,,,0,
280,35.85149205,9.540579672,Rainfed-Olive Orchards/Barley-SC-SS,cropland,Rainfed,Orchard,Olive Orchard,5,2,100,,,0,0,0,0,280)Rainfed-Olive Orchards/Barley-SC-SS,,,0,
284,36.02876994,9.41773099,Rainfed-Olive Orchards/Wheat-SC-LS,cropland,Rainfed,Orchard,Olive Orchard,5,2,100,,,0,0,0,0,284)Rainfed-Olive Orchards/Wheat-SC-LS,,,0,
287,36.15010061,9.330213982,Rainfed - orchards (olive/Amandier)/Oats -DC-SS,cropland,Rainfed,Orchard,Olive Orchard,5,2,10,45,40,0,0,4,1,287)Rainfed - orchards (olive/Amandier)/Oats -DC-SS,,,0,
289,36.23361932,9.272241956,Rainfed-Orchards (Olive/Alomnds)/Barren-LS,cropland,Rainfed,Orchard,Olive/Almond Orchard,5,2,100,,,0,0,0,0,289)Rainfed-Orchards (Olive/Alomond)-LS,,,0,
290,36.25615863,9.264313471,Rainfed-Olive Orchards/Wheat (tendre)-SC-LS,cropland,Rainfed,Orchard,Olive Orchard,5,2,97,,,0,0,1.5,1.5,290)Rainfed-Olive Orchards/Wheat (tendre)-SC-LS,,,0,
294,36.37211111,9.536472222,Rainfed- Orchards Almonds/Barren-SC-LS,cropland,Rainfed,Orchard,Almond Orchard,5,2,97,,,1,0,1,1,294)Rainfed-Orchards Almond-SC-LS,,,0,
298,36.5323989,9.729821079,Rainfed - orchards (olive/Fodder (oat)) -DC-SS,cropland,Rainfed,Orchard,Olive Orchard,5,2,10,45,35,0,0,0,10,298)Rainfed - orchards (olive/Fodder (oat)) -DC-SS,,,0,
300,36.63958344,10.88150763,Irrigated-GW-DC-Olive Orchards/Wheat-VLS,cropland,irrigated,Orchard,Olive Orchard,5,2,99,,,0,0,0,1,300)Irrigated-GW-DC-Olive Orchards/Wheat-VLS,,,0,
303,36.63117052,10.65964613,Rainfed-Orchards Almond/Barren-LS,cropland,Rainfed,Orchard,Almond Orchard,5,2,85,10,5,0,0,0,0,303)Rainfed-Orchards Alomnd-LS,,,0,
309,36.54287013,9.865470305,Rainfed Olive Orcahards/Barren-SC-LS,cropland,Rainfed,Orchard,Olive Orchard,5,2,100,,,0,0,0,0,309)Rainfed Olive Orchards -SC-LS,,,0,
312,36.70574838,10.06710936,Rainfed - orchards (olive) /Barren-SC-LS,cropland,Rainfed,Orchard,Olive Orchard,5,2,5,50,45,0,0,0,0,312)Rainfed - orchards (olive) -SC-LS,,,0,
4,37.05361111,10.02433333,Irrigated-continuous-artishow,cropland,irrigated,Vegetable,Artishow,6,0,89,4,2,0.5,0.5,2,2,4)Irrigated-continuous-artishow,,,0,
6,37.11045408,9.995044215,Rainfed-SC-chickpea-LS,cropland,Rainfed,Vegetable,Chickpea,6,0,96,,,0,0,0,4,6)Rainfed-SC-chickpea-LS,6)Rainfed-SC-chickpea-LS_1,6)Rainfed-SC-chickpea-LS_2,0,
19,36.86023508,9.308811441,Rainfed-SC-sunflower-LS,cropland,Rainfed,Vegetable,Sunflower,6,0,97,,,0,0.5,0.5,1.5,19)Rainfed-SC-sunflower-LS,19)Rainfed-SC-sunflower-LS,,0,
21,36.83205357,9.187194038,Rainfed-SC-sunflower-LS,cropland,Rainfed,Vegetable,Sunflower,6,0,96,,,0.5,0.5,1.5,1.5,21)Rainfed-SC-sunflower-LS,21)Rainfed-SC-sunflower-LS,,0,
26,36.64228412,8.954336058,Irrigated-SC-potato/wheat-LS,cropland,irrigated,Vegetable,Potato,6,0,86,4,2.5,1.5,0.5,0.5,5,26)Irrigated-SC-potato/wheat-LS,26)Irrigated-SC-potato/wheat-LS_1,26)Irrigated-SC-potato/wheat-LS_2,0,
61,36.23018135,8.880611365,Rainfed-SC-peas-MS,cropland,Rainfed,Vegetable,Peas,6,0,99,,,0,0,0,1,61)Rainfed-SC-peace-MS,61)Rainfed-SC-peace-MS_1,,0,
100,36.1025,10.38416667,Rainfed-fallows/openlands,cropland,Rainfed,Vegetable,Openlands,6,0,99,,,0,0,0,1,100)Rainfed-fallows/openlands,,,0,
114,35.95174005,10.02837403,Irrigated-GW-watermelon-LS,cropland,irrigated,Vegetable,Watermelon,6,0,96,,,1,0.5,0,2.5,114)Irrigated-GW-watermelon-LS,,,0,
144,36.99364255,10.92488739,Irrigated-GW-potato-fodder-LS,cropland,irrigated,Vegetable,Potato,6,0,99,,,0,0,0,1,144)Irrigated-GW-potato-fodder-LS,144)Irrigated-GW-potato-fodder-LS_1,,0,
147,36.98262987,10.98425729,Irrigated-GW-DC-vegetables-vegetables-VLS,cropland,irrigated,Vegetable,Vegetable,6,0,94,,,1,0,0,5,147)Irrigated-GW-DC-vegetables-vegetables-VLS,,,0,
271,35.70207527,10.03008382,Irrigated-Tomato-SC-MS,cropland,irrigated,Vegetable,Tomato,6,0,53,25,20,0,0,0,2,271)Irrigated-Tomato-SC-MS,,,0,
291,36.30786838,9.29298038,Rainfed-Wheat/vegetable (peas)-SC-LS,cropland,Rainfed,Vegetable,Vegetable,6,0,99,,,0.5,0,0,0.5,291)Rainfed-Wheat/vegetable (peas)-SC-LS,,,0,
293,36.38484561,9.447408393,Irrigated-Vegetable(Peas)-SC-MS,cropland,irrigated,Vegetable,Vegetable,6,0,36,35,20,1,0,7.5,0.5,293)Irrigated-Vegetable(Peas)-SC-MS,,,0,
299,36.71266105,10.92961941,Irrigated-GW-DC-vegetables-vegetables-VLS,cropland,irrigated,Vegetable,Vegetable,6,0,96,,,1,0,0,3,299)Irrigated-GW-DC-vegetables-vegetables-VLS,,,0,
13,36.96582883,9.522460054,Shrublands/hills/forest,Non-cropland,Non-cropland,Non-cropland,Non-cropland,7,0,0,,,0,0,100,0,13)Shrublands/hills/forest,13)Shrublands/hills/forest_1,,0,
27,36.66833333,8.751111111,Shrublands/hills/forest,Non-cropland,Non-cropland,Non-cropland,Non-cropland,7,0,0,,,0,0,95,0,27)Shrublands/hills/forest,,,0,
54,36.5113649,9.306699744,Forests/shrublands-VLS,Non-cropland,Non-cropland,Non-cropland,Non-cropland,7,0,0,,,0,0,100,0,54)Forests/shrublands-VLS,,,0,
64,36.13147256,8.627377164,Forests/shrublands-VLS,Non-cropland,Non-cropland,Non-cropland,Non-cropland,7,0,10,,,2,0,85,3,64)Forests/shrublands-VLS,,,0,
77,36.09681927,9.471769392,Waste lands/rangelands,Non-cropland,Non-cropland,Non-cropland,Non-cropland,7,0,26,,,4,,70,0,77)Waste lands/rangelands,,,0,
80,36.18528829,9.583286095,Forests/shrublands-VLS,Non-cropland,Non-cropland,Non-cropland,Non-cropland,7,0,0,,,0,0,100,0,80)Forests/shrublands-VLS,,,0,
83,36.28263281,9.444927129,Forests/Orchad-VLS,Non-cropland,Non-cropland,Non-cropland,Non-cropland,7,0,15,50,35,0,0,,0,83)Forests/Orchad-VLS,,,0,
89,36.69073686,10.32229007,Forests/shrublands-VLS,Non-cropland,Non-cropland,Non-cropland,Non-cropland,7,0,0,,,0,0,100,0,89)Forests/shrublands-VLS,,,0,
90,36.66222222,10.35611111,Forests/shrublands-VLS,Non-cropland,Non-cropland,Non-cropland,Non-cropland,7,0,0,,,0,0,100,0,90)Forests/shrublands-VLS,,,0,
97,36.34511728,10.51965461,Waste lands/rangelands,Non-cropland,Non-cropland,Non-cropland,Non-cropland,7,0,0,,,0,0,100,0,97)Waste lands/rangelands,,,0,
105,35.89722222,10.26111111,Fallows/Barrenland,Non-cropland,Non-cropland,Non-cropland,Non-cropland,7,0,0,,,0,0,100,0,105)Fallows/Barrenland,,,0,
107,35.83350635,10.16365541,Wetlands/waterbodies,Non-cropland,Non-cropland,Non-cropland,Non-cropland,7,0,0,,,0,0,0,0,107)Wetlands/waterbodies,,,0,
108,35.75248064,10.14357267,Wetlands/waterbodies,Non-cropland,Non-cropland,Non-cropland,Non-cropland,7,0,80,,,0,0,0,0,108)Wetlands/waterbodies,108)Wetlands/waterbodies,,0,
118,36.21211635,10.01890672,Shrublands/hills/forest,Non-cropland,Non-cropland,Non-cropland,Non-cropland,7,0,53,5,2.5,0,0,37.5,2,118)Shrublands/hills/forest,,,0,
125,36.72666667,10.31888889,Forests/shrublands-VLS,Non-cropland,Non-cropland,Non-cropland,Non-cropland,7,0,0,5,3,0,0,87,5,125)Forests/shrublands-VLS,,,0,
126,36.71222222,10.35916667,Forests/shrublands-VLS,Non-cropland,Non-cropland,Non-cropland,Non-cropland,7,0,0,,,0,0,99,1,126)Forests/shrublands-VLS,,,0,
129,36.70214718,10.45608442,Waste lands/rangelands,Non-cropland,Non-cropland,Non-cropland,Non-cropland,7,0,10,,,0,0,90,0,129)Waste lands/rangelands,,,0,
138,36.84051014,10.69831303,Forests/shrublands-LS,Non-cropland,Non-cropland,Non-cropland,Non-cropland,7,0,0,,,0,0,100,0,138)Forests/shrublands-LS,,,0,
161,36.26866691,9.798229909,Forest (Pinus halepensis),Non-cropland,Non-cropland,Non-cropland,Non-cropland,7,0,0,,,0,0,100,0,161)Forest (Pinus halepensis),,,0,
162,36.23616223,9.759240807,Forest planted (Eucalyptus),Non-cropland,Non-cropland,Non-cropland,Non-cropland,7,0,0,,,0,0,100,0,162)Forest planted (Eucalyptus),,,0,
170,35.96379374,9.25504813,Forest (Cupressus sempervirens),Non-cropland,Non-cropland,Non-cropland,Non-cropland,7,0,0,,,0,0,100,0,170)Forest (Cupressus sempervirens),,,0,
180,35.22599302,9.097265737,Shrubland (Cactus)-SC-LS,Non-cropland,Non-cropland,Non-cropland,Non-cropland,7,0,,50,45,2,0,3,0,180)Shrubland (Cactus)-SC-LS,,,0,
183,35.24693081,8.992458058,Grassland (Stipaa tenacissima)-LS,Non-cropland,Non-cropland,Non-cropland,Non-cropland,7,0,99,,,0.5,0.5,0,0,183)Grassland (Stipaa tenacissima)-LS,,,0,
184,35.23872989,8.979535783,Shrubland/Grassland-LS,Non-cropland,Non-cropland,Non-cropland,Non-cropland,7,0,0,,,0.5,0,98,1.5,184)Shrubland/Grassland-LS,,,0,
189,34.83607104,8.516345108,Grassland (Stipaa tenacissima)-LS,Non-cropland,Non-cropland,Non-cropland,Non-cropland,7,0,20,,,0,80,0,0,189)Grassland (Stipaa tenacissima)-LS,,,0,
225,35.68304252,10.18857145,Grassland (Halophyte),Non-cropland,Non-cropland,Non-cropland,Non-cropland,7,0,0,,,0,100,0,0,225)Grassland (Halophyte),,,0,
239,35.07771857,9.604289035,Grassland (Halophyte),Non-cropland,Non-cropland,Non-cropland,Non-cropland,7,0,0,,,0,100,0,0,239)Grassland (Halophyte),,,0,
241,35.09104243,9.425803372,Grassland-LS,Non-cropland,Non-cropland,Non-cropland,Non-cropland,7,0,10,,,0,90,0,0,241)Grassland-LS,,,0,
246,35.20959002,9.376016656,Shrub land (cactus inerme) - MS,Non-cropland,Non-cropland,Non-cropland,Non-cropland,7,0,60,15,10,0,0,15,0,246)Shrub land (cactus inerme) - MS,,,0,
247,35.31731313,9.408786259,Grassland (esparto)-LS,Non-cropland,Non-cropland,Non-cropland,Non-cropland,7,0,0,,,0,100,0,0,247)Grassland (esparto)-LS,,,0,
252,35.4850285,9.333870413,Shrub land (rosmarinus/other vegetation,Non-cropland,Non-cropland,Non-cropland,Non-cropland,7,0,0,,,0,0,100,0,252)Shrub land (rosmarinus/other vegetation),,,0,
253,35.51439997,9.348675191,Shrubland(Cactus),Non-cropland,Non-cropland,Non-cropland,Non-cropland,7,0,,55,40,0,0,5,0,253)Shrubland(Cactus),,,0,
254,35.60312448,9.297455692,Shrubland,cropland,Non-cropland,Non-cropland,Non-cropland,7,0,93,,,0,0,5,2,254)Shrubland,,,0,
259,35.81914993,9.274239134,Shrubland-LS,Non-cropland,Non-cropland,Non-cropland,Non-cropland,7,0,97,,,0.5,0,1.5,1,259)Shrubland-LS,,,0,
274,35.80284193,9.812811888,Shrubland/Grassland,Non-cropland,Non-cropland,Non-cropland,Non-cropland,7,0,10,44,31,10,0,0,5,274)Shrubland/Grassland,,,0,
275,35.8359626,9.741766762,Forests (Pinus halepensis) - LS,Non-cropland,Non-cropland,Non-cropland,Non-cropland,7,0,0,,,0,0,100,0,275)Forests (Pinus halepensis) - LS,,,0,
277,35.8346245,9.662738222,Forest/Shrubland,Non-cropland,Non-cropland,Non-cropland,Non-cropland,7,0,13,50,30,1,0.5,5,0.5,277)Forest/Shrubland,,,0,
